Start Date,Start Time,Duration (min),Water Used (L),Mode,Status,Temperature (°C),Humidity (%),Soil Moisture (%),Light Level (lx)
"4/26/2026","11:50 AM","0.08","0.83L","manual","stopped","32.10°C","47.01","78.57","511.80"
"4/26/2026","03:07 AM","0.17","1.67L","manual","stopped","32.90°C","47.62","77.95","502.88"
"4/26/2026","02:50 AM","1","10.00L","manual","stopped","33.70°C","47.50","75.00","N/A"
"4/25/2026","02:58 AM","1","10.00L","manual","stopped","33.60°C","48.00","78.00","N/A"
"4/25/2026","02:56 AM","0.1","1.00L","manual","stopped","33.70°C","47.90","63.00","18.33"
"4/25/2026","02:53 AM","0.05","0.50L","manual","stopped","33.70°C","47.90","23.00","20.00"
"4/25/2026","02:53 AM","0.05","0.50L","manual","stopped","33.70°C","47.90","21.00","20.00"
"4/22/2026","05:55 PM","1","10.00L","manual","stopped","31.60°C","38.40","50.00","253.33"
"4/21/2026","03:32 PM","0.1","1.00L","manual","stopped","N/A","N/A","N/A","N/A"
"4/13/2026","06:08 PM","0.1","1.00L","manual","stopped","N/A","N/A","N/A","N/A"
"4/13/2026","02:21 AM","0.1","1.00L","manual","stopped","N/A","N/A","98.00","N/A"
"4/13/2026","02:06 AM","0.2","2.00L","manual","stopped","N/A","N/A","97.00","N/A"
"4/13/2026","01:28 AM","0.2","2.00L","manual","stopped","N/A","N/A","56.00","N/A"
"4/13/2026","01:27 AM","0.2","2.00L","manual","stopped","N/A","N/A","99.00","N/A"
"4/12/2026","10:33 PM","0.1","1.00L","manual","stopped","25.00°C","50.00","100.00","300.00"
"4/12/2026","10:31 PM","1","10.00L","manual","stopped","25.00°C","50.00","100.00","300.00"
"4/12/2026","10:30 PM","0.1","1.00L","manual","stopped","25.00°C","50.00","100.00","300.00"
"4/12/2026","08:47 PM","0.1","1.00L","manual","stopped","25.00°C","50.00","100.00","300.00"
"4/12/2026","08:47 PM","0.1","1.00L","manual","stopped","25.00°C","50.00","100.00","300.00"
"4/12/2026","07:32 PM","0.1","1.00L","manual","stopped","25.00°C","50.00","27.00","300.00"
"4/12/2026","06:58 PM","1","10.00L","manual","stopped","25.00°C","50.00","100.00","24.17"
"4/12/2026","06:56 PM","1","10.00L","manual","stopped","25.00°C","50.00","18.00","24.17"
"4/12/2026","01:25 AM","1","10.00L","manual","stopped","25.00°C","50.00","45.00","17.50"
"4/12/2026","01:19 AM","1","10.00L","manual","stopped","25.00°C","50.00","47.00","17.50"
"4/12/2026","01:07 AM","1","10.00L","manual","stopped","25.00°C","50.00","47.00","18.33"
"4/12/2026","12:25 AM","1","10.00L","manual","stopped","25.00°C","50.00","19.00","20.00"
"4/12/2026","12:24 AM","1","10.00L","manual","active","25.00°C","50.00","20.00","20.00"
"4/12/2026","12:10 AM","1","10.00L","manual","active","25.00°C","50.00","19.00","300.00"
